mean_fit_time,std_fit_time,mean_score_time,std_score_time,param_sgdclassifier__alpha,param_sgdclassifier__tol,params,split0_test_score,split1_test_score,split2_test_score,split3_test_score,split4_test_score,mean_test_score,std_test_score,rank_test_score
690.481783246994,90.40846382518028,0.49363112449645996,0.015563869501592052,1e-07,1e-07,"{'sgdclassifier__alpha': 1e-07, 'sgdclassifier__tol': 1e-07}",0.5600908499641613,0.582763811677018,0.587848402931504,0.5625860460802202,0.5756645534296936,0.5737907328165195,0.010907586644310909,8
115.72603769302368,9.135120093500612,0.4895169734954834,0.011649605799558283,1e-07,0.0011112000000000001,"{'sgdclassifier__alpha': 1e-07, 'sgdclassifier__tol': 0.0011112000000000001}",0.5994116549200229,0.5721797337720335,0.5265483861183856,0.6262603503902254,0.5700263065869271,0.5788852863575189,0.033251543071443325,6
83.917063331604,14.230864153771968,0.49463610649108886,0.013658370006954258,1e-07,0.0022223,"{'sgdclassifier__alpha': 1e-07, 'sgdclassifier__tol': 0.0022223}",0.5523091458512028,0.5683248275388988,0.5758872715334379,0.6237825635171829,0.524498390610567,0.5689604398102579,0.03258217199010752,10
71.37340106964112,12.05375744980899,0.49861621856689453,0.009074198297610822,1e-07,0.0033334,"{'sgdclassifier__alpha': 1e-07, 'sgdclassifier__tol': 0.0033334}",0.5468486215901627,0.6030877830198447,0.5071821604807971,0.615395497829711,0.6016433844447003,0.5748314894730432,0.041284881540306975,7
59.601661109924315,10.749655809817318,0.48877687454223634,0.012579828672950736,1e-07,0.0044445000000000005,"{'sgdclassifier__alpha': 1e-07, 'sgdclassifier__tol': 0.0044445000000000005}",0.5858926528667437,0.5329912046171438,0.5496154787688506,0.5930768874053532,0.597641631339999,0.571843570999618,0.025757968871627752,9
54.40851950645447,8.654901268452807,0.49678454399108884,0.021520530891881037,1e-07,0.005555600000000001,"{'sgdclassifier__alpha': 1e-07, 'sgdclassifier__tol': 0.005555600000000001}",0.6512015615769577,0.5488039781431725,0.6175261126162174,0.6416083156659357,0.5658079834196006,0.6049895902843769,0.0408060364644272,1
50.87664928436279,8.501849584586969,0.49029855728149413,0.01928644517931625,1e-07,0.0066667,"{'sgdclassifier__alpha': 1e-07, 'sgdclassifier__tol': 0.0066667}",0.631158535020037,0.5515045361791716,0.5843153737198163,0.6245650789794749,0.5590072284131032,0.5901101504623206,0.03275202780163336,3
50.632908725738524,5.941801282310097,0.5274046897888184,0.05756495103357873,1e-07,0.0077778000000000005,"{'sgdclassifier__alpha': 1e-07, 'sgdclassifier__tol': 0.0077778000000000005}",0.5220229269639486,0.5924745986692181,0.6342748690622205,0.6312156432203713,0.54959522063549,0.5859166517102496,0.04435127259253283,4
45.05847120285034,8.273569851630995,0.4931485176086426,0.010170396693905803,1e-07,0.0088889,"{'sgdclassifier__alpha': 1e-07, 'sgdclassifier__tol': 0.0088889}",0.5854415683882037,0.6139385854856542,0.5931327393646694,0.6318739540528423,0.5735190464343176,0.5995811787451373,0.020831246517972496,2
42.76744165420532,7.916458104418916,0.4958040714263916,0.017187088159063994,1e-07,0.01,"{'sgdclassifier__alpha': 1e-07, 'sgdclassifier__tol': 0.01}",0.5513936723644435,0.6205710082645928,0.6092339578833474,0.5589785158711946,0.555805074732534,0.5791964458232226,0.02947209423513907,5
69.53800768852234,8.710897387523659,0.49925384521484373,0.019685951081589378,0.0011112000000000001,1e-07,"{'sgdclassifier__alpha': 0.0011112000000000001, 'sgdclassifier__tol': 1e-07}",0.48563719275006834,0.48721261091343954,0.5055309072150775,0.49231123247278097,0.4982244374146609,0.49378327615320544,0.007340708113215319,20
16.090675163269044,2.441172397269175,0.4989462852478027,0.008933654605293717,0.0011112000000000001,0.0011112000000000001,"{'sgdclassifier__alpha': 0.0011112000000000001, 'sgdclassifier__tol': 0.0011112000000000001}",0.4891851361979846,0.4846645616027761,0.49448095350828314,0.5032967516099769,0.5163675917393766,0.49759899893167947,0.011247572395351258,17
15.363385820388794,2.3604406858396163,0.4955761432647705,0.014698530656556201,0.0011112000000000001,0.0022223,"{'sgdclassifier__alpha': 0.0011112000000000001, 'sgdclassifier__tol': 0.0022223}",0.4812648800652947,0.4841062361697815,0.5089851315528847,0.4977880773187037,0.4992564067201625,0.49428014636536544,0.010258761539160943,19
13.562923240661622,2.2572280275913914,0.5152613639831543,0.02488311378769212,0.0011112000000000001,0.0033334,"{'sgdclassifier__alpha': 0.0011112000000000001, 'sgdclassifier__tol': 0.0033334}",0.4840186402066143,0.4874952471393929,0.5111193202105629,0.49170797214773426,0.49951673443048694,0.4947715828269582,0.009671830516837848,18
14.4298659324646,2.1802618616833582,0.5081279754638672,0.0190613079300574,0.0011112000000000001,0.0044445000000000005,"{'sgdclassifier__alpha': 0.0011112000000000001, 'sgdclassifier__tol': 0.0044445000000000005}",0.4938755573451036,0.4910116200879858,0.5086911011841982,0.49256685261026656,0.5159896357344939,0.5004269533924096,0.010038363373704307,13
12.74690203666687,1.0889225107511291,0.508749532699585,0.024649952189895855,0.0011112000000000001,0.005555600000000001,"{'sgdclassifier__alpha': 0.0011112000000000001, 'sgdclassifier__tol': 0.005555600000000001}",0.49351089216333127,0.49651869498061346,0.5016110718784191,0.4969595071313269,0.5155044064597633,0.5008209145226907,0.007785695486435767,12
14.359149932861328,2.2501286295671856,0.5106043338775634,0.022765193294432145,0.0011112000000000001,0.0066667,"{'sgdclassifier__alpha': 0.0011112000000000001, 'sgdclassifier__tol': 0.0066667}",0.4881763135617413,0.48476400754462184,0.5065990521441762,0.49403051222374345,0.517247644029459,0.4981635059007483,0.012097396185022943,16
13.466475677490234,2.260125923134021,0.49956612586975097,0.02000791909933194,0.0011112000000000001,0.0077778000000000005,"{'sgdclassifier__alpha': 0.0011112000000000001, 'sgdclassifier__tol': 0.0077778000000000005}",0.4932451439569502,0.4894611755662085,0.5155772576276332,0.500595837274516,0.500050237904454,0.49978593046595243,0.008938392169556818,14
13.226567888259888,1.31428323406679,0.5186051368713379,0.036636007471787635,0.0011112000000000001,0.0088889,"{'sgdclassifier__alpha': 0.0011112000000000001, 'sgdclassifier__tol': 0.0088889}",0.49777375354102354,0.49586526636174116,0.5141254695019525,0.5045088954239436,0.507172930473827,0.5038892630604976,0.006598944127111638,11
13.46959114074707,2.3386516961410626,0.5137250423431396,0.03969614405810346,0.0011112000000000001,0.01,"{'sgdclassifier__alpha': 0.0011112000000000001, 'sgdclassifier__tol': 0.01}",0.4945229105313759,0.4817613653488558,0.5015497497553426,0.5019162366535851,0.5134280930799281,0.49863567107381745,0.010389674748240008,15
53.2709397315979,7.267369632673174,0.4990447998046875,0.018492955392488998,0.0022223,1e-07,"{'sgdclassifier__alpha': 0.0022223, 'sgdclassifier__tol': 1e-07}",0.474055078025173,0.47077604815118457,0.48808029726308794,0.48754071659202397,0.4964218016217598,0.4833747883306459,0.009542605332908351,27
15.150490856170654,2.246334917465311,0.5007777214050293,0.0136307573344095,0.0022223,0.0011112000000000001,"{'sgdclassifier__alpha': 0.0022223, 'sgdclassifier__tol': 0.0011112000000000001}",0.47945064339915333,0.4753338896360323,0.48987463532854997,0.4904224952071897,0.49211885099941216,0.4854401029140675,0.00673949788614976,26
13.54512333869934,1.7672207603239,0.5067563533782959,0.014894781573039511,0.0022223,0.0022223,"{'sgdclassifier__alpha': 0.0022223, 'sgdclassifier__tol': 0.0022223}",0.4721583704761194,0.4746861959405561,0.4927541236750193,0.4896788573998589,0.49808266928858236,0.4854720433560272,0.010230760036336311,25
14.380953550338745,2.094335725714743,0.5071433067321778,0.013900085555458332,0.0022223,0.0033334,"{'sgdclassifier__alpha': 0.0022223, 'sgdclassifier__tol': 0.0033334}",0.47070581625763275,0.4735419209200836,0.4903597206498578,0.48537551084105424,0.48496205937023695,0.48098900560777313,0.007537107380387279,29
12.587608528137206,1.8552397968688672,0.5128121376037598,0.021222161754343462,0.0022223,0.0044445000000000005,"{'sgdclassifier__alpha': 0.0022223, 'sgdclassifier__tol': 0.0044445000000000005}",0.4788708757787196,0.4779285711572974,0.4932594487657668,0.48182713452149667,0.4973173168501422,0.4858406694146845,0.007925143631747789,23
14.467164421081543,2.209655407250443,0.5185203552246094,0.015250146130954899,0.0022223,0.005555600000000001,"{'sgdclassifier__alpha': 0.0022223, 'sgdclassifier__tol': 0.005555600000000001}",0.4797143732170145,0.47544727323960645,0.49535973411787115,0.48218850219097237,0.4964717206156629,0.4858363206762255,0.008514978126657965,24
13.583179616928101,2.298929814799202,0.5111627578735352,0.020156487134932576,0.0022223,0.0066667,"{'sgdclassifier__alpha': 0.0022223, 'sgdclassifier__tol': 0.0066667}",0.4789367423706631,0.4777882724314873,0.4996969264033719,0.4901276277439162,0.49615880159516396,0.4885416741089205,0.008864151343018824,21
13.387166929244994,2.084047386295124,0.5079158306121826,0.021520124187635506,0.0022223,0.0077778000000000005,"{'sgdclassifier__alpha': 0.0022223, 'sgdclassifier__tol': 0.0077778000000000005}",0.4714309715802675,0.47150025533936596,0.4934230699207953,0.48721520922979833,0.4827249417404467,0.48125888956213475,0.008688075166837096,28
15.69497275352478,2.3037499869032336,0.6187970161437988,0.11530103191230823,0.0022223,0.0088889,"{'sgdclassifier__alpha': 0.0022223, 'sgdclassifier__tol': 0.0088889}",0.4699165498594597,0.47662363950102027,0.48436931564323205,0.4805320618055524,0.4860852988616179,0.4795053731341764,0.005800989044364572,30
14.993418788909912,2.1826209998482042,0.48908414840698244,0.013997484356744135,0.0022223,0.01,"{'sgdclassifier__alpha': 0.0022223, 'sgdclassifier__tol': 0.01}",0.47597992694313523,0.47660290873466377,0.49424334435017114,0.4926035560913518,0.4965493302437011,0.4871958132726045,0.00899339078565003,22
44.24951992034912,8.202034129057255,0.49643964767456056,0.01144946662272931,0.0033334,1e-07,"{'sgdclassifier__alpha': 0.0033334, 'sgdclassifier__tol': 1e-07}",0.4678002275072464,0.4668747804406777,0.48372648953530406,0.47867004686250103,0.4849476896821715,0.4764038468055801,0.0077016800915439615,38
14.650378847122193,2.3414290671579727,0.49422249794006345,0.00966272847830039,0.0033334,0.0011112000000000001,"{'sgdclassifier__alpha': 0.0033334, 'sgdclassifier__tol': 0.0011112000000000001}",0.46630018760554676,0.4733989118513499,0.4765614631966786,0.48001438744195785,0.47310587433499973,0.47387616488610657,0.004541038491574139,40
13.334358215332031,2.1962039448421846,0.49315810203552246,0.01865241565771622,0.0033334,0.0022223,"{'sgdclassifier__alpha': 0.0033334, 'sgdclassifier__tol': 0.0022223}",0.4685179445871067,0.46939360692213355,0.4836631055778139,0.4782633226008418,0.4887997447326566,0.4777275448841105,0.007904211631544021,35
13.389861345291138,1.8654787535337987,0.48853087425231934,0.01469307228016375,0.0033334,0.0033334,"{'sgdclassifier__alpha': 0.0033334, 'sgdclassifier__tol': 0.0033334}",0.4637609560531611,0.46446469261596174,0.4791740482636567,0.47596371846960933,0.482080080683621,0.473088699217202,0.00758317125991641,41
13.474397420883179,1.5250634050653764,0.4980795860290527,0.016530886020408826,0.0033334,0.0044445000000000005,"{'sgdclassifier__alpha': 0.0033334, 'sgdclassifier__tol': 0.0044445000000000005}",0.47459171669872446,0.46325341423820177,0.49284382040569813,0.48325583696652386,0.4835167739990397,0.4794923124616376,0.009963341067009692,31
13.58469500541687,1.7949942191673587,0.49604005813598634,0.017653252114535136,0.0033334,0.005555600000000001,"{'sgdclassifier__alpha': 0.0033334, 'sgdclassifier__tol': 0.005555600000000001}",0.4734632709052201,0.46649854663086504,0.48692547502030736,0.4766993247025177,0.48991494373804473,0.47870031219939096,0.008645633573626767,34
14.084628486633301,1.0516086705222347,0.4941860198974609,0.015757345614003583,0.0033334,0.0066667,"{'sgdclassifier__alpha': 0.0033334, 'sgdclassifier__tol': 0.0066667}",0.4744182393247682,0.4664630549239998,0.4904489036307898,0.4808165910748309,0.4815785414579516,0.4787450660824681,0.007985847979304983,33
12.58485188484192,1.776841132632069,0.48337106704711913,0.012866847894064825,0.0033334,0.0077778000000000005,"{'sgdclassifier__alpha': 0.0033334, 'sgdclassifier__tol': 0.0077778000000000005}",0.4688154066296971,0.4693111965507857,0.48428423269767407,0.4857142041794664,0.47779639137145175,0.477184286285815,0.007149365001648403,36
14.224036359786988,2.1265439459850435,0.49761166572570803,0.017309355114041025,0.0033334,0.0088889,"{'sgdclassifier__alpha': 0.0033334, 'sgdclassifier__tol': 0.0088889}",0.46756756331374233,0.4652045511706065,0.4876072494476981,0.4851811999087305,0.4891199200911339,0.4789360967863823,0.010350839163117905,32
12.941758346557616,1.3135277067545945,0.4835184574127197,0.010709641340636192,0.0033334,0.01,"{'sgdclassifier__alpha': 0.0033334, 'sgdclassifier__tol': 0.01}",0.4654296034729244,0.46909068146708716,0.48624746176223105,0.4855552709547203,0.4791007416406429,0.4770847518595212,0.008479584973967976,37
40.66282444000244,8.038964696743777,0.49800405502319334,0.019431128330225575,0.0044445000000000005,1e-07,"{'sgdclassifier__alpha': 0.0044445000000000005, 'sgdclassifier__tol': 1e-07}",0.4612672444007578,0.4574855643934229,0.4758393860226113,0.475790655349147,0.4729093124071717,0.4686584325146222,0.007745544777410317,49
13.356983470916749,2.168436301609159,0.49044241905212405,0.015049687926611457,0.0044445000000000005,0.0011112000000000001,"{'sgdclassifier__alpha': 0.0044445000000000005, 'sgdclassifier__tol': 0.0011112000000000001}",0.4645508384226404,0.459536535494006,0.47636976547472887,0.47812357008341644,0.47064496379646936,0.4698451346542522,0.007014838792014862,46
14.093001461029052,1.7974758558676138,0.4931051254272461,0.012006891797923863,0.0044445000000000005,0.0022223,"{'sgdclassifier__alpha': 0.0044445000000000005, 'sgdclassifier__tol': 0.0022223}",0.46271050678906894,0.4619547508292863,0.4760656200452381,0.47575788448709394,0.4758502901352032,0.4704678104571781,0.006647396292351182,45
13.13659200668335,1.322406093555611,0.49928035736083987,0.01184567063656209,0.0044445000000000005,0.0033334,"{'sgdclassifier__alpha': 0.0044445000000000005, 'sgdclassifier__tol': 0.0033334}",0.4662675251875417,0.4594058745087276,0.48221220601423825,0.4737360992365885,0.4823611302326213,0.47279656703594347,0.008977269975727507,42
13.409154081344605,1.9608991968010274,0.4914999485015869,0.007904188499759842,0.0044445000000000005,0.0044445000000000005,"{'sgdclassifier__alpha': 0.0044445000000000005, 'sgdclassifier__tol': 0.0044445000000000005}",0.4624224524080284,0.45977261489058635,0.48436322229160095,0.4796175047928862,0.47412602095806505,0.47206036306823335,0.009556314726982089,44
13.444551849365235,2.201365112273685,0.49156932830810546,0.008963974117455737,0.0044445000000000005,0.005555600000000001,"{'sgdclassifier__alpha': 0.0044445000000000005, 'sgdclassifier__tol': 0.005555600000000001}",0.4676704056602682,0.4592935615455004,0.470965769923996,0.4741055357283677,0.4707629833661588,0.46855965124485816,0.005060673675817093,50
13.42197756767273,2.1762651078190847,0.4903247356414795,0.01258588350693688,0.0044445000000000005,0.0066667,"{'sgdclassifier__alpha': 0.0044445000000000005, 'sgdclassifier__tol': 0.0066667}",0.46530148803871907,0.46630319966154155,0.4855020473987479,0.4756871018633722,0.4803945575249003,0.47463767889745617,0.00786009474381872,39
13.501985311508179,2.2076695855464212,0.489788818359375,0.011880864182063595,0.0044445000000000005,0.0077778000000000005,"{'sgdclassifier__alpha': 0.0044445000000000005, 'sgdclassifier__tol': 0.0077778000000000005}",0.46122864520971874,0.4590287657750873,0.47450007178251447,0.476714166591279,0.47568124909308096,0.4694305796903361,0.007658860465506095,47
13.575636196136475,2.117263284958537,0.49178433418273926,0.014517071991108675,0.0044445000000000005,0.0088889,"{'sgdclassifier__alpha': 0.0044445000000000005, 'sgdclassifier__tol': 0.0088889}",0.46297090842559246,0.4578078594027053,0.4736989475073538,0.4777042546458645,0.4725237908072944,0.4689411521577621,0.0073737086908829946,48
14.292237091064454,1.9105210960468109,0.49747300148010254,0.014173773970936939,0.0044445000000000005,0.01,"{'sgdclassifier__alpha': 0.0044445000000000005, 'sgdclassifier__tol': 0.01}",0.464900380563597,0.45958724259644884,0.48147907342560614,0.47764860285397015,0.4775660065169358,0.4722362611913116,0.00844916589380336,43
37.76227669715881,7.211647309268331,0.4926261901855469,0.013748320865201885,0.005555600000000001,1e-07,"{'sgdclassifier__alpha': 0.005555600000000001, 'sgdclassifier__tol': 1e-07}",0.4595250148843388,0.45241728467506653,0.469235078581758,0.46661058234898073,0.47002603744130106,0.46356279958628904,0.006689744094911944,58
13.287696266174317,1.9330630189809066,0.4846168041229248,0.007912360479714954,0.005555600000000001,0.0011112000000000001,"{'sgdclassifier__alpha': 0.005555600000000001, 'sgdclassifier__tol': 0.0011112000000000001}",0.45723799420345274,0.4518854551086969,0.46682041592592105,0.46976578314126893,0.4656656900734287,0.4622750676905537,0.006657078752773274,60
13.522765874862671,1.8090441270951536,0.49057254791259763,0.013206234825609918,0.005555600000000001,0.0022223,"{'sgdclassifier__alpha': 0.005555600000000001, 'sgdclassifier__tol': 0.0022223}",0.4563235622431971,0.4604828079479774,0.47535172286247285,0.47041689631209954,0.46832582078513335,0.4661801620301761,0.006874353785884031,55
13.448054790496826,2.180842509119485,0.49023962020874023,0.013690897435328012,0.005555600000000001,0.0033334,"{'sgdclassifier__alpha': 0.005555600000000001, 'sgdclassifier__tol': 0.0033334}",0.4635379149472274,0.45614905234090947,0.4729548238948184,0.4726493241888344,0.4773138788579298,0.4685209988459439,0.007640848108306322,51
13.785523653030396,2.0452426161212562,0.510067081451416,0.027831668075778297,0.005555600000000001,0.0044445000000000005,"{'sgdclassifier__alpha': 0.005555600000000001, 'sgdclassifier__tol': 0.0044445000000000005}",0.4591097554561237,0.45842858173932105,0.47951066235505274,0.4741199303636045,0.47121565362234896,0.46847691670729025,0.008364216300032428,52
14.674752998352051,2.1231930289058583,0.49469432830810545,0.013151560124377449,0.005555600000000001,0.005555600000000001,"{'sgdclassifier__alpha': 0.005555600000000001, 'sgdclassifier__tol': 0.005555600000000001}",0.45909803702659896,0.4530143897683075,0.46801948489180756,0.469333126158607,0.4728128707291775,0.4644555817148997,0.007293014240611191,57
13.453397130966186,2.1548662141309682,0.4928575038909912,0.013429116335278785,0.005555600000000001,0.0066667,"{'sgdclassifier__alpha': 0.005555600000000001, 'sgdclassifier__tol': 0.0066667}",0.4594698850544354,0.45283700853186476,0.47401402227726847,0.4686794970844228,0.4721416412363842,0.4654284108368751,0.008042352758961998,56
14.191211223602295,2.10173886351944,0.6135746479034424,0.10136630949767231,0.005555600000000001,0.0077778000000000005,"{'sgdclassifier__alpha': 0.005555600000000001, 'sgdclassifier__tol': 0.0077778000000000005}",0.4564860033900508,0.45138358941614215,0.4765401210502854,0.47300509080415704,0.4756119320761262,0.4666053473473523,0.010534496190711,54
15.25814356803894,1.7704387467505263,0.5182509899139405,0.011927711544174213,0.005555600000000001,0.0088889,"{'sgdclassifier__alpha': 0.005555600000000001, 'sgdclassifier__tol': 0.0088889}",0.4580034250976688,0.4633408573250321,0.47792518816998436,0.46642710002718796,0.4697388372277143,0.4670870815695175,0.006655508235718848,53
12.594383668899535,1.8023921016711455,0.5233509063720703,0.024083298626376926,0.005555600000000001,0.01,"{'sgdclassifier__alpha': 0.005555600000000001, 'sgdclassifier__tol': 0.01}",0.45787429434725696,0.45455782308730525,0.4716617085739817,0.4663034774453645,0.46718325494519164,0.46351611167982,0.0063190052021288206,59
37.15421204566955,6.18820425789784,0.5046850204467773,0.011967930552623695,0.0066667,1e-07,"{'sgdclassifier__alpha': 0.0066667, 'sgdclassifier__tol': 1e-07}",0.45713886963125405,0.44938282498706705,0.4611883213964,0.46335560022869604,0.46047665923908937,0.45830845509650125,0.004888828409867175,70
14.363316202163697,2.24072711228272,0.49413323402404785,0.01445029005639007,0.0066667,0.0011112000000000001,"{'sgdclassifier__alpha': 0.0066667, 'sgdclassifier__tol': 0.0011112000000000001}",0.4528754860634362,0.45227391872755957,0.46308015470871683,0.46912072643080965,0.46278532520864385,0.46002712222783326,0.006494311245353747,65
13.523117446899414,2.262822102444058,0.4886941432952881,0.012442126281044973,0.0066667,0.0022223,"{'sgdclassifier__alpha': 0.0066667, 'sgdclassifier__tol': 0.0022223}",0.45595509276206536,0.44658370399078345,0.4653018974493989,0.46791551662187886,0.4717530790070241,0.4615018579662301,0.009099239226631044,62
13.497556781768798,2.289539069539449,0.4930552959442139,0.013233704983535115,0.0066667,0.0033334,"{'sgdclassifier__alpha': 0.0066667, 'sgdclassifier__tol': 0.0033334}",0.4491241007230758,0.45671593834254404,0.4636639474539076,0.46511554684885886,0.4605837185441634,0.45904065038250985,0.005734152866039541,68
13.469696235656738,2.269943780861413,0.49051799774169924,0.013401203731114945,0.0066667,0.0044445000000000005,"{'sgdclassifier__alpha': 0.0066667, 'sgdclassifier__tol': 0.0044445000000000005}",0.4520712812485308,0.4525684701917268,0.4697776068415755,0.47046001232816737,0.4614326987066405,0.46126201386332816,0.007964859074871773,63
13.432984828948975,2.0154205497741877,0.4921842575073242,0.013432775465722639,0.0066667,0.005555600000000001,"{'sgdclassifier__alpha': 0.0066667, 'sgdclassifier__tol': 0.005555600000000001}",0.45908851978873527,0.44881058250352673,0.46539017009576916,0.46145883870471216,0.4644111121627864,0.45983184465110594,0.005941927860879387,66
13.538127279281616,2.0117037240456597,0.48614912033081054,0.013115432104547,0.0066667,0.0066667,"{'sgdclassifier__alpha': 0.0066667, 'sgdclassifier__tol': 0.0066667}",0.45362769423028,0.4544248922478732,0.4613710408069104,0.46575246182304453,0.45762638407203543,0.4585604946360287,0.0045151268265555084,69
13.587409830093383,1.7958969372023992,0.4954979419708252,0.011300938326134985,0.0066667,0.0077778000000000005,"{'sgdclassifier__alpha': 0.0066667, 'sgdclassifier__tol': 0.0077778000000000005}",0.4583693328978863,0.4506988937292174,0.46339445736577384,0.46368076605662323,0.46544074981062905,0.460316839972026,0.005354247907828818,64
13.4532865524292,2.1467005372257195,0.49178194999694824,0.012583917152617021,0.0066667,0.0088889,"{'sgdclassifier__alpha': 0.0066667, 'sgdclassifier__tol': 0.0088889}",0.45039674641653393,0.4566874724473676,0.46392585383216617,0.46700340432641146,0.47020423979730636,0.46164354336395713,0.007187150402502075,61
14.502958917617798,2.2744818599452357,0.501500129699707,0.016665063960458564,0.0066667,0.01,"{'sgdclassifier__alpha': 0.0066667, 'sgdclassifier__tol': 0.01}",0.4537619565548215,0.4494982320513091,0.462330805281073,0.46655181418059893,0.46516863843631234,0.459462289300823,0.006675753106470292,67
34.421835374832156,5.654585130775347,0.48940095901489256,0.013322453790138213,0.0077778000000000005,1e-07,"{'sgdclassifier__alpha': 0.0077778000000000005, 'sgdclassifier__tol': 1e-07}",0.4505757586899125,0.4431472814557194,0.4586987593425481,0.45727733603749215,0.45603685572050534,0.45314719824923555,0.0057068139326340375,82
13.46631064414978,2.251255493206783,0.49027175903320314,0.01844023740175462,0.0077778000000000005,0.0011112000000000001,"{'sgdclassifier__alpha': 0.0077778000000000005, 'sgdclassifier__tol': 0.0011112000000000001}",0.45020164538213997,0.44169087899631443,0.4636489156436854,0.463292438003083,0.4626359221372348,0.4562939600324915,0.00887311470492216,76
13.607433748245239,1.6113155351919852,0.4974081516265869,0.016023954401481577,0.0077778000000000005,0.0022223,"{'sgdclassifier__alpha': 0.0077778000000000005, 'sgdclassifier__tol': 0.0022223}",0.45088794101164,0.4471702565400016,0.4590918176806871,0.4661261514981459,0.45453252129091576,0.4555617376042781,0.006593768596606417,79
13.475989770889282,2.146000301336378,0.5132330417633056,0.02552646200441876,0.0077778000000000005,0.0033334,"{'sgdclassifier__alpha': 0.0077778000000000005, 'sgdclassifier__tol': 0.0033334}",0.45007424593585077,0.44323928176185756,0.46752998636027937,0.4649195062665688,0.4640481392812112,0.4579622319211535,0.009549549141372442,71
13.5747727394104,2.151558788387694,0.5005270481109619,0.026810966404621953,0.0077778000000000005,0.0044445000000000005,"{'sgdclassifier__alpha': 0.0077778000000000005, 'sgdclassifier__tol': 0.0044445000000000005}",0.45215724142434927,0.44758337981060115,0.4628628404692883,0.46229228374095216,0.46434191636326955,0.45784753236169207,0.006705496138857618,73
13.524863576889038,2.180384207154686,0.5226559162139892,0.03722154368950609,0.0077778000000000005,0.005555600000000001,"{'sgdclassifier__alpha': 0.0077778000000000005, 'sgdclassifier__tol': 0.005555600000000001}",0.45590114259368913,0.44786208286415435,0.4577693181135662,0.4655951242307744,0.4623696854391009,0.457899470648257,0.006065728522820738,72
14.40351071357727,2.171449048673227,0.506161117553711,0.01594466943621957,0.0077778000000000005,0.0066667,"{'sgdclassifier__alpha': 0.0077778000000000005, 'sgdclassifier__tol': 0.0066667}",0.4470704389191704,0.44610714504793,0.45832512570963196,0.4616788492081468,0.46094316673886404,0.4548249451247486,0.006823376080832351,81
12.691854476928711,1.8196015537596555,0.527070951461792,0.029798712213969045,0.0077778000000000005,0.0077778000000000005,"{'sgdclassifier__alpha': 0.0077778000000000005, 'sgdclassifier__tol': 0.0077778000000000005}",0.4526666718244443,0.44460644948861855,0.4640108886015747,0.4615809612854585,0.4653433864767261,0.4576416715353644,0.007874883856176147,74
14.514440393447876,2.1558634564207444,0.5284672737121582,0.016907900080431887,0.0077778000000000005,0.0088889,"{'sgdclassifier__alpha': 0.0077778000000000005, 'sgdclassifier__tol': 0.0088889}",0.44838818292515975,0.4448074396226563,0.462871688637171,0.46342559104030184,0.46475420516110066,0.45684942147727786,0.008468780287357636,75
13.587980270385742,2.1286454633390397,0.5115217208862305,0.018160116360031665,0.0077778000000000005,0.01,"{'sgdclassifier__alpha': 0.0077778000000000005, 'sgdclassifier__tol': 0.01}",0.44960640293065074,0.44382559025053664,0.46256148721777207,0.45908728776576646,0.4636021232218273,0.4557365782773107,0.007734650851209516,77
33.19181852340698,5.357776606080093,0.49098806381225585,0.0135103279083156,0.0088889,1e-07,"{'sgdclassifier__alpha': 0.0088889, 'sgdclassifier__tol': 1e-07}",0.4490441440014282,0.4417934328104038,0.45869392380692925,0.4569856669517085,0.4570304319915021,0.45270951991239433,0.006408818032321944,84
13.671586894989014,1.9242524626089137,0.49807214736938477,0.005489935499438744,0.0088889,0.0011112000000000001,"{'sgdclassifier__alpha': 0.0088889, 'sgdclassifier__tol': 0.0011112000000000001}",0.44393872244650784,0.43993763362213645,0.4573211522819757,0.4601922171646732,0.45401683548282684,0.45108131219962394,0.007819969962875577,88
14.228615236282348,1.7967212774192312,0.49936590194702146,0.006639049227530787,0.0088889,0.0022223,"{'sgdclassifier__alpha': 0.0088889, 'sgdclassifier__tol': 0.0022223}",0.4467288184824487,0.4387774256412624,0.46020973395458187,0.45544321235304064,0.4631765209564533,0.45286714227755737,0.008978109068382591,83
13.690141582489014,2.0864557232197845,0.4962642192840576,0.01237273959550966,0.0088889,0.0033334,"{'sgdclassifier__alpha': 0.0088889, 'sgdclassifier__tol': 0.0033334}",0.4480970831582571,0.44125615332423174,0.45286149180756624,0.46023889283386005,0.45106752125237376,0.4507042284752577,0.0061928817511950306,90
13.627325057983398,2.2796500044887207,0.49628238677978515,0.016559635978656815,0.0088889,0.0044445000000000005,"{'sgdclassifier__alpha': 0.0088889, 'sgdclassifier__tol': 0.0044445000000000005}",0.44753047757291003,0.44452921253686084,0.4571770556972771,0.46184567556109013,0.4654695579962489,0.45531039587287736,0.0080766814649472,80
13.732406997680664,2.1626891630860015,0.49952335357666017,0.009426797081630998,0.0088889,0.005555600000000001,"{'sgdclassifier__alpha': 0.0088889, 'sgdclassifier__tol': 0.005555600000000001}",0.45154415492662686,0.44023230479941267,0.462152085293626,0.4606475193944369,0.4632651088961434,0.45556823466204915,0.008715182820524055,78
13.377070808410645,1.4678171719940813,0.48851885795593264,0.011217538575654006,0.0088889,0.0066667,"{'sgdclassifier__alpha': 0.0088889, 'sgdclassifier__tol': 0.0066667}",0.4484873344694468,0.440337358070511,0.4584681430832195,0.45877124076000847,0.4557773362688824,0.4523682825304136,0.007065871799816168,85
15.105883741378785,2.1667167485338643,0.6003457546234131,0.12888450388938896,0.0088889,0.0077778000000000005,"{'sgdclassifier__alpha': 0.0088889, 'sgdclassifier__tol': 0.0077778000000000005}",0.44539232161034964,0.44072258360790634,0.45745148891914755,0.4536769158181217,0.45669920695442884,0.45078850338199083,0.00660478974686832,89
14.959900188446046,2.1648687089241885,0.4978909492492676,0.012204268021686195,0.0088889,0.0088889,"{'sgdclassifier__alpha': 0.0088889, 'sgdclassifier__tol': 0.0088889}",0.4481946891401463,0.4387137310619554,0.4633219797170343,0.4560649427085951,0.4509650131167927,0.45145207114890473,0.008188850770289626,86
13.507842588424683,2.2012309393942493,0.4896229267120361,0.01379825990241043,0.0088889,0.01,"{'sgdclassifier__alpha': 0.0088889, 'sgdclassifier__tol': 0.01}",0.4482256086564604,0.4400512333128587,0.4603616361411286,0.45724366657469,0.4502628462573913,0.45122899818850576,0.007134108740689285,87
33.71979937553406,4.102125069935,0.4929464817047119,0.012968132560744213,0.01,1e-07,"{'sgdclassifier__alpha': 0.01, 'sgdclassifier__tol': 1e-07}",0.4431164058053963,0.4394644589133235,0.44935650820427153,0.4527978360015493,0.4458756696029957,0.4461221757055073,0.004657165617339148,99
14.314761590957641,1.9720107792034445,0.4932983875274658,0.012072672417603908,0.01,0.0011112000000000001,"{'sgdclassifier__alpha': 0.01, 'sgdclassifier__tol': 0.0011112000000000001}",0.44224490434549235,0.4361523650579723,0.4550170596339302,0.4548283281501119,0.44879868821799873,0.4474082690811011,0.0073244787720560395,97
13.53935947418213,2.215265732186156,0.49312148094177244,0.011706347845818655,0.01,0.0022223,"{'sgdclassifier__alpha': 0.01, 'sgdclassifier__tol': 0.0022223}",0.44160225794165964,0.4370714167533496,0.4586044087506698,0.4557789563411471,0.4504186290286742,0.4486951337631001,0.008206879962179512,95
13.602517461776733,1.8865176821583025,0.4891843318939209,0.01322857476262008,0.01,0.0033334,"{'sgdclassifier__alpha': 0.01, 'sgdclassifier__tol': 0.0033334}",0.44731443462833936,0.43762954052058933,0.4509632604176485,0.45178423976447846,0.45042359242307345,0.4476230135508258,0.005220747435179284,96
13.48488974571228,2.1950761868919253,0.48924670219421384,0.009203168821618375,0.01,0.0044445000000000005,"{'sgdclassifier__alpha': 0.01, 'sgdclassifier__tol': 0.0044445000000000005}",0.4437536137456944,0.43748621239782987,0.46123493259035697,0.4570379390632113,0.4532067518824667,0.4505438899359119,0.008719778601332927,91
13.525457525253296,2.1886093627896934,0.4910494327545166,0.015077076881145821,0.01,0.005555600000000001,"{'sgdclassifier__alpha': 0.01, 'sgdclassifier__tol': 0.005555600000000001}",0.44472197388813167,0.4378481979719015,0.45089878113907467,0.45222805506665825,0.44688054631482405,0.44651551087611807,0.0051052631294651145,98
13.598573780059814,2.2346453024473476,0.49538569450378417,0.0134488971203144,0.01,0.0066667,"{'sgdclassifier__alpha': 0.01, 'sgdclassifier__tol': 0.0066667}",0.4435813691466631,0.4385110744652722,0.45211084673101,0.4553301175019873,0.45859133387027284,0.4496249483430411,0.0074721851880731015,92
13.728888416290284,1.2520207017520901,0.5032951354980468,0.01291679914223295,0.01,0.0077778000000000005,"{'sgdclassifier__alpha': 0.01, 'sgdclassifier__tol': 0.0077778000000000005}",0.44321557628472746,0.43581997946154605,0.45229543625936064,0.45917971949268027,0.4573623909777808,0.449574620495219,0.008831055740948302,93
13.557224464416503,2.182751370018009,0.5066938877105713,0.015470681518552088,0.01,0.0088889,"{'sgdclassifier__alpha': 0.01, 'sgdclassifier__tol': 0.0088889}",0.44131439070824624,0.43603336597674,0.4552239763935026,0.4579987366175819,0.45389862994376656,0.44889381992796745,0.008612288142249134,94
13.298456144332885,1.6583837630917235,0.4401158332824707,0.06544687377097494,0.01,0.01,"{'sgdclassifier__alpha': 0.01, 'sgdclassifier__tol': 0.01}",0.443746287594335,0.4342413763174737,0.4497849371887244,0.45214503576752324,0.449494449825594,0.4458824173387301,0.006443193552794802,100
